#{"t_start": 1627906895.531337, "env_id": "RockWalk-v0"}
r,l,t
-6274.355543,193,3.356397
-9026.59402,185,3.821515
-2796.663156,81,4.022187
-18180.515312,405,5.374528
-16115.793249,372,6.587909
-26791.371352,639,8.237037
-36468.81701,945,10.798715
-20264.124234,430,11.954618
-30813.233619,1067,14.984903
-4784.178667,128,15.295727
-12995.207888,307,16.006122
-9759.972341,225,16.526057
-18483.973558,475,17.6016
-41247.957725,1215,20.624816
-10279.120884,194,21.112059
-18924.026584,464,22.162475
-22722.768516,614,23.619632
-15663.791157,391,24.715081
-30223.704947,964,27.229938
-18591.026033,403,28.310526
-10400.452757,264,28.94194
-8147.750564,280,29.593865
-7736.353233,206,30.091618
-13366.949768,333,30.890943
-30180.917858,778,32.780986
-34625.511257,1175,35.804051
-5395.384303,200,36.342645
-20605.236396,669,38.025181
-16816.758708,573,39.458623
-34907.093763,1183,42.481433
-10888.70249,394,43.426848
-42157.885973,1237,46.448383
-21656.565602,686,48.061494
-4651.673211,126,48.371255
-18217.11337,430,49.382819
-27954.353465,656,50.913205
-5881.984375,149,51.267853
-8547.890301,295,51.934674
-16907.887164,354,52.689854
-15293.628804,476,56.063685
-5139.433472,128,57.641816
-4582.846094,108,58.572211
-11234.156588,249,61.594041
-3606.398696,155,64.860008
-5718.548569,176,67.884694
-4142.125009,145,70.834392
-4885.575544,191,73.873637
-10542.099,232,76.895033
-5077.959966,152,79.987668
-2999.715545,93,81.486723
-5460.999639,119,83.651522
-5967.219238,172,87.32405
-3991.534076,192,90.432134
-1470.452398,192,93.961029
-5720.554511,192,97.180929
-8655.968641,226,100.203285
-5605.790387,198,103.226789
-5741.737086,216,106.416922
-5099.079418,149,108.059517
-7263.547862,235,111.509294
-4369.276895,256,115.062272
-6297.120914,192,118.199179
-6083.001558,256,121.424648
-4799.067191,256,125.460775
-8559.814692,192,129.165427
-2824.654718,192,132.264815
-8454.912638,256,135.377638
-6347.208174,256,138.992026
-4789.258929,256,142.78721
-3982.975225,192,146.137305
-2156.92723,194,149.160691
-4280.947452,233,152.185469
-2971.837638,160,154.884405
-2924.034073,245,157.964827
-6400.19814,256,161.083873
-5634.495708,208,163.613466
-6078.883531,240,166.735616
-5054.404221,256,169.795204
-5876.695922,256,172.956398
-6895.703221,251,175.496612
-4940.003661,235,178.520899
-3303.774478,242,181.542481
-5342.043648,232,184.609874
-3597.971652,256,187.728838
-5023.116768,256,190.899359
-6027.801977,256,194.024873
-2822.394784,271,197.047104
-6614.843097,241,200.11589
-5021.286172,256,203.254814
-3926.829579,256,206.304291
-8609.431124,256,209.35447
-6347.133411,256,212.397804
-5602.167107,256,215.563044
-9364.683178,198,217.917253
-5408.726864,250,221.023982
-6097.300654,256,224.117551
-7229.040377,177,225.863254
-3612.169742,207,229.200331
-6506.184738,192,232.586616
-3596.518256,133,235.622901
-4108.555565,187,239.020915
-2895.65027,192,243.024729
-4250.568782,189,245.381476
-1231.821262,131,249.540395
-4829.396898,192,253.14446
-9420.752468,256,256.391308
-6063.671845,256,259.6292
-3429.885194,103,260.578485
-1712.419005,155,262.810962
-3972.946585,156,264.535954
-4954.844628,226,267.656627
-7492.090975,188,269.448358
-3076.829639,135,271.677494
-8652.844718,253,274.87794
-6981.271256,178,276.6613
-4560.469954,214,279.687804
-5567.886135,248,282.918852
-6420.069571,256,286.05179
-3610.654546,256,289.216793
-3563.368859,256,292.371817
-4309.080437,256,295.500802
-2756.775819,256,298.606712
-4546.900184,256,301.757288
-8220.88057,256,304.881435
-6422.52384,180,306.648152
-3898.685009,218,309.672292
-6344.492208,198,312.10131
-7760.404576,236,315.227395
-6006.382583,256,318.399713
-5597.516097,256,321.589329
-5865.883276,256,324.810731
-3052.568726,141,326.437953
-3381.319837,243,329.558927
-3920.512306,256,332.733374
-5223.161139,256,335.83271
-7634.206613,229,338.309454
-4050.378351,219,341.366713
-8636.673846,256,344.595341
-2452.933079,256,347.68982
-6153.861271,256,350.841698
-3667.512355,233,353.341719
-7582.149039,215,356.450649
-4990.011344,256,359.598526
-3688.730879,256,362.749552
-6650.1221,256,365.909196
-6847.18064,256,369.179051
-6437.541388,256,372.417395
-3983.673397,171,374.194993
-7746.488388,213,377.233703
-2967.217508,256,380.344408
-4675.217185,205,382.754196
-3692.793822,243,385.860925
-6423.254605,256,389.071258
-5377.889732,256,392.292085
-6335.061566,256,395.49948
-2904.980223,256,398.62643
-5723.135239,152,400.281857
-6639.909124,185,402.703092
-3698.34367,239,405.99238
-5718.181548,256,409.168745
-9299.057903,256,412.499937
-3958.646898,256,415.626429
-2978.626349,196,417.967089
-4064.343457,252,421.083703
-5943.767641,199,423.460995
-3689.278749,249,426.58544
-5722.17121,256,429.811424
-6821.424134,182,431.585385
-2293.144914,213,434.606591
-3018.406127,245,437.712319
-8084.621419,256,440.836379
-7834.16262,241,443.376858
-4102.845236,217,446.399112
-3317.623792,246,449.474187
-3768.079354,256,452.65352
-2552.043353,154,454.326329
-5888.047611,230,457.399746
-7301.29593,211,459.843071
-3011.62392,237,462.965067
-8698.249117,256,466.468359
-6268.146169,256,469.667703
-2552.938029,256,472.774173
-6846.807555,256,475.882614
-5803.258886,256,479.057186
-8029.820764,256,482.306449
-3053.521615,256,485.467505
-3774.126151,256,488.601757
-4134.04303,256,491.775745
-4407.99144,256,494.943601
-9881.112549,242,497.543144
-2752.975012,221,500.56763
-7368.359238,241,503.702882
-6297.724845,256,506.88286
-3459.477265,235,509.362346
-4775.1785,213,512.394471
-4611.118568,256,515.568995
-5503.553504,256,518.770139
-5702.3319,219,521.225779
-4547.75038,229,524.340614
-3986.037582,256,527.4328
-2892.899107,256,530.565978
-5087.095247,248,533.114078
-3523.732613,207,536.138943
-6599.764634,249,539.325947
-5453.138134,256,542.550331
-5153.173169,256,545.727282
-3545.952102,256,548.826735
-4674.208862,246,551.356343
-5194.277581,202,554.391405
-2649.80582,240,557.411928
-4307.577822,208,560.673217
-4973.031395,221,563.137229
-5069.797394,227,566.26082
-9160.210633,230,568.847351
-3985.356606,219,571.869171
-8032.695302,255,575.044302
-5007.594636,256,578.231542
-4648.376328,256,581.359795
-5549.487845,256,584.686451
-6274.039918,217,587.130092
-2885.978951,231,590.157259
-3836.6879,197,592.57692
-5447.949406,251,595.722607
-4309.662732,256,598.832822
-7622.671032,256,602.006549
-6854.824334,256,605.190732
-4381.204525,256,608.350557
-3797.988739,256,611.502969
-6672.977021,256,614.723129
-5582.416257,256,617.908719
-5489.378509,256,621.080554
-4618.70473,256,624.213052
-2475.042508,256,627.350224
-1985.046871,256,630.493996
-2653.87454,256,633.561893
-2378.055707,256,636.67388
-5215.592036,256,639.852361
-8177.034794,256,643.065605
-4636.742949,256,646.190545
-4638.505996,256,649.327928
-6950.401806,256,652.501815
-6464.321249,230,654.978392
-1881.536054,235,657.972583
-4694.755956,239,661.121633
-1756.426961,179,662.860163
-6211.462606,207,665.883249
-7775.576609,254,668.984515
-5965.749503,256,672.325065
-3226.97363,256,675.446693
-5690.949261,256,678.652034
-3904.332752,256,681.822596
-2092.857422,256,684.90559
-2933.131363,256,687.974304
-6239.731424,256,691.112792
-6253.215193,256,694.315056
-5916.95849,256,697.529677
-4606.133941,256,700.683955
-6817.962257,256,703.982616
-9365.277301,236,706.575536
-3118.046357,221,709.598972
-5230.738543,247,712.722012
-4578.126586,256,715.84788
-3832.22816,256,718.957214
-4589.035724,256,722.124601
-4880.94574,172,723.835904
-2231.875384,243,726.858958
-4753.877076,229,729.880596
-1765.59848,252,733.008598
-3105.082111,256,736.148575
-4120.624203,256,739.284987
-7287.164668,256,742.467535
-6463.395454,256,745.605897
-3604.462395,256,748.734238
-7680.016103,248,751.272484
-3064.953714,215,754.294624
-3948.798681,241,757.390608
-3201.368947,256,760.468131
-4585.570995,256,763.671503
-5168.516285,256,766.867919
-3878.69675,256,769.989362
-4029.26244,256,773.1524
-4735.680548,256,776.282216
-4618.488596,256,779.474352
-6953.871156,256,782.674216
-3781.318809,256,785.776713
-5229.469237,256,788.911516
-776.050796,256,792.032846
-4668.571047,256,795.135302
-5978.805835,256,798.303873
-3462.565714,256,801.444556
-4746.71774,234,803.931679
-1798.341453,233,806.954341
-3688.440174,237,810.056501
-2425.793163,256,813.194434
-4560.90626,256,816.348777
-4446.644738,256,819.475968
-6421.225567,256,822.60991
-2530.789164,256,825.821466
-4315.141078,256,828.964821
-2589.358447,133,830.565535
-4123.05223,194,832.921289
-6856.540751,232,835.414064
-2557.341241,224,838.438519
-5263.568628,241,841.496699
-7307.447025,256,844.669406
-10199.380872,256,847.807456
-7533.786619,256,850.992194
-1387.486527,256,854.146793
-2802.501372,256,857.269339
-1919.212712,256,860.367168
-3353.52948,256,863.501662
-7925.116505,244,866.026636
-6489.778016,204,869.059791
-7215.207203,256,872.178694
-982.441785,256,875.311385
-3696.015216,256,878.42879
-276.863685,256,881.52195
-4850.104571,256,884.694957
-4092.046411,256,887.817435
-6734.716784,256,890.9799
-6133.756138,256,894.194788
-5358.098344,228,896.700001
-988.203321,240,899.723201
-2752.651862,236,902.81369
-5799.421433,193,905.172969
-6437.647527,255,908.345836
-5607.680798,256,911.473276
-5527.070276,256,914.689517
-2458.614869,256,917.75634
-5239.63062,256,920.874038
-2319.704901,256,923.961535
-1736.69043,256,927.050365
-6683.820552,256,930.180595
-3294.591333,203,932.54948
-5564.222506,245,935.683183
-5345.683989,256,938.816084
-3636.640171,256,942.008865
-5563.566042,256,945.092084
-5167.015089,256,948.245728
-4394.61495,256,951.370504
-5949.952802,256,954.561996
-6388.772993,256,957.724547
-4600.566007,256,960.836816
-5813.805011,256,964.021805
-2614.979496,256,967.160434
-2111.136245,256,970.273905
-5780.177283,142,971.944655
-1771.531523,242,975.022725
-4365.729719,256,978.170629
-3358.01586,256,981.305843
-6218.519126,256,984.447835
-2646.719209,170,986.141576
-3168.045843,228,989.163064
-6012.902367,242,992.273904
-2946.775047,256,995.375911
-4237.163526,256,998.565638
-1472.5374,256,1001.640754
-5705.346034,256,1004.805125
-7255.142235,256,1007.991669
-3902.539768,256,1011.147153
-7213.316752,255,1013.725136
-3926.548062,211,1016.748542
-3890.596446,238,1019.874822
-3673.52693,256,1023.005061
-9879.934058,234,1025.538618
-6629.030099,214,1028.565798
-4302.418094,202,1030.958176
-4416.693112,246,1034.101477
-3668.723587,256,1037.242118
-10666.324692,256,1040.436255
-3945.811839,256,1043.599257
-9279.028776,256,1046.761584
-5537.106631,184,1048.559897
-4537.391275,202,1051.58213
-2047.861334,254,1054.673085
-1575.596888,256,1057.744803
-1728.593108,229,1060.205114
-3927.711933,138,1061.831487
-4157.632235,209,1065.186255
-5666.636719,256,1068.362844
-3369.038267,190,1070.156376
-4725.310135,218,1073.180615
-7100.161658,232,1076.251985
-4498.230449,256,1079.350436
-4801.716673,256,1082.484123
-2595.819778,256,1085.581305
-4419.769164,256,1088.777109
-5618.947892,256,1091.987999
-4353.762303,256,1095.214278
-2471.05468,256,1098.335076
-4868.622833,256,1101.527745
-5163.181743,256,1104.668026
-3216.750509,189,1106.429429
-3568.496758,221,1109.45097
-2331.894969,173,1111.736562
-5975.388942,249,1114.931798
-6994.526721,256,1118.093789
-5829.056001,256,1121.328086
-2480.481297,129,1122.948232
-5368.433103,255,1126.150032
-4743.304414,256,1129.30173
-1268.213382,256,1132.40455
-6177.381211,256,1135.561158
-2213.812848,166,1137.265089
-4083.90608,218,1140.287423
-1550.853818,256,1143.394589
-4178.171323,256,1146.560309
-1211.148985,256,1149.626006
-2202.848046,116,1150.601268
-5103.980157,204,1153.624752
-2291.255054,256,1156.741786
-5458.485501,256,1159.926171
-5183.403563,256,1163.084015
-2567.003221,256,1166.167437
-3188.712734,256,1169.271874
-2523.301502,256,1172.427498
-1643.614727,108,1173.364427
-8761.396307,212,1176.412303
-7446.96794,256,1179.571974
-3445.822417,256,1182.712713
-6086.175896,256,1185.869332
-1205.623834,256,1188.952438
-8108.595107,248,1191.485475
-1391.9743,237,1194.50832
-4702.146786,219,1197.548582
-2532.527238,256,1200.636662
-4532.83727,256,1203.804966
-1092.523349,169,1205.497328
-2603.520055,244,1208.518925
-4838.800145,227,1211.574297
-8564.127307,256,1214.812202
-3898.701543,256,1217.945484
-6690.288675,256,1221.064113
-4277.50005,256,1224.197506
-4225.718872,256,1227.312241
-1496.197229,256,1230.458405
-4898.888671,198,1232.855433
-3735.794606,250,1235.938374
-4156.123268,256,1239.098711
-2609.749711,170,1240.816123
-3175.160595,215,1243.837604
-4230.331989,255,1246.953775
-2848.572637,196,1249.317137
-3464.282571,252,1252.411319
-5762.698587,256,1255.589671
-77.709987,172,1257.284601
-3960.351318,214,1260.306405
-3110.091112,254,1263.394883
-3093.237493,256,1266.56833
-5920.546371,256,1269.775778
-7036.047999,223,1272.285439
-5725.683916,225,1275.341878
-77.724138,167,1277.045083
-1922.427179,229,1280.068695
-1776.625585,244,1283.122025
-6354.909702,256,1286.325142
-3251.013172,256,1289.45373
-9280.252366,227,1291.965151
-2398.265853,222,1294.988471
-3380.610749,255,1298.157202
-4351.550961,256,1301.329566
-4098.659927,113,1302.315753
-9437.850456,207,1305.38361
-2578.5842,256,1308.533782
-4347.836561,256,1311.695004
-2691.829931,256,1314.79133
-4951.73414,256,1317.989716
-1664.589756,256,1321.100551
-4398.482796,203,1323.506214
-9384.194466,229,1326.019492
-5071.01256,208,1329.063451
-3595.359099,256,1332.248898
-3976.289486,217,1334.688425
-2793.631833,231,1337.73399
-5232.595644,256,1340.912287
-6691.278006,256,1344.10336
-1806.028952,256,1347.189017
-3010.316566,256,1350.303071
-6707.289108,256,1353.532003
-6802.729453,246,1356.118935
-495.543181,221,1359.142082
-5778.969711,182,1361.473988
-3362.863197,247,1364.672657
-4176.548142,256,1367.865581
-4548.256429,256,1371.043429
-6171.861225,256,1374.254673
-5570.553182,256,1377.391604
-693.23999,256,1380.473152
-4971.712352,256,1383.601045
-6594.772363,187,1385.381065
-4188.997182,197,1388.403985
-2151.126804,256,1391.525907
-3334.040503,256,1394.68074
-4180.000965,256,1397.82303
-4163.005982,256,1401.005616
-2669.576439,256,1404.116097
-6002.322684,256,1407.327746
-3773.228758,256,1410.458898
-2562.786781,256,1413.612352
-2943.971173,256,1416.762747
-5162.785668,256,1419.940669
-4961.116875,248,1422.49972
-5549.39069,167,1424.788653
-1628.365096,226,1427.813017
-5392.889371,255,1430.932277
-5345.316105,256,1434.110685
-3974.073292,256,1437.29857
-5138.39913,256,1440.483589
-3600.591777,256,1443.635144
-4615.43023,256,1446.792384
-3513.678718,256,1449.89932
-6104.458941,256,1453.142647
-782.260525,256,1456.229523
-4308.326234,256,1459.335192
-6145.412874,256,1462.479403
-3497.216141,256,1465.611994
-1771.544958,256,1468.705758
-4802.223403,256,1471.809944
-4260.984696,256,1474.972753
-9552.53244,256,1478.137435
-4078.303199,256,1481.284625
-4745.072732,256,1484.511897
-4676.126918,256,1487.670993
-3856.842462,256,1490.780649
-3581.427956,214,1493.175952
-6043.280663,234,1496.224025
-5697.633361,256,1499.424737
-2173.911763,132,1501.009151
-1717.062998,252,1504.096775
-4439.815566,256,1507.177867
-3298.921139,256,1510.369717
-2899.526333,256,1513.54304
-2863.156933,256,1516.655741
-2282.467208,256,1519.719582
-2798.22889,165,1521.40659
-4475.371445,219,1524.474576
-6886.031571,256,1527.596401
-8442.680438,256,1530.809485
-3304.77259,256,1533.939402
-2433.587209,256,1537.073573
-4489.739612,256,1540.221833
-2556.188587,162,1541.970415
-3442.050269,222,1545.007939
-2292.891906,256,1548.145491
-3871.936394,256,1551.273695
-6229.907046,256,1554.469794
-3534.76681,256,1557.619756
-2957.774096,256,1560.74314
-3325.615375,256,1563.869579
-4325.569555,256,1566.99919
-2480.276923,214,1569.422196
-5014.209285,234,1572.547272
-2192.968181,197,1574.897738
-5059.402386,251,1578.033635
-4227.295212,256,1581.169424
-4460.440377,256,1584.278939
-5381.857976,185,1586.06239
-682.005485,225,1589.084408
-5535.467526,230,1592.220037
-4669.682297,256,1595.367264
-2614.15484,116,1596.342027
-4894.142753,212,1599.316661
-8404.510643,248,1602.513074
-7774.280101,253,1605.086999
-1984.202791,220,1608.110536
-3655.59913,231,1611.141874
-6801.440254,256,1614.346327
-4209.054542,256,1617.475277
-5456.650659,227,1619.949193
-6326.812436,221,1622.98079
-3520.487138,256,1626.093168
-3201.186643,222,1628.544296
-3958.678612,226,1631.595334
-3041.328208,256,1634.758042
-6318.947385,193,1637.121243
-3491.936671,255,1640.258292
-4286.818458,256,1643.414774
-6713.196046,256,1646.594075
-5377.466377,256,1649.776695
-5995.180381,256,1652.939737
-4441.266072,256,1656.041049
-4731.136121,256,1659.24818
-5110.150931,256,1662.418399
-3695.119653,256,1665.878265
-11284.527377,256,1669.049427
-5982.272392,256,1672.284055
-6117.876202,256,1675.401046
-5397.75641,256,1678.573571
-1434.931192,256,1681.683142
-5946.108022,256,1684.833788
-4588.151581,256,1687.952151
-5493.874586,256,1691.083495
-1827.879629,256,1694.245993
-2092.738832,256,1697.353066
-2867.987547,256,1700.475723
-4272.109691,256,1703.582007
-4787.507962,256,1706.757591
-1154.962895,256,1709.85251
-5427.377374,256,1712.994994
-3844.343843,256,1716.118447
-6691.470698,256,1719.292224
-390.34351,256,1722.382694
-945.141579,187,1724.130059
-4106.342365,221,1727.152634
-2155.658119,242,1730.176893
-5184.417287,216,1732.650528
-3559.222686,222,1735.743337
-4693.582144,256,1738.947065
-10002.051583,256,1742.152532
-7980.041737,256,1745.330886
-5562.102027,256,1748.458312
-461.338038,256,1751.525102
-5319.095118,246,1754.106696
-4514.234404,202,1757.145144
-4503.762772,159,1758.824248
-4083.445495,225,1761.869854
-8780.122073,240,1764.396854
-1914.959204,209,1767.420859
-5493.104301,255,1770.550465
-3953.457251,256,1773.711051
-722.452028,256,1776.808127
-3963.840307,256,1779.983444
-7466.545363,198,1782.395226
-1458.06539,250,1785.49847
-3434.599786,256,1788.673167
-3904.588318,256,1791.798432
-6744.155558,251,1794.346935
-5509.725964,223,1797.368845
-2343.035957,230,1800.394331
-3767.16064,256,1803.537977
-8599.465289,256,1806.726474
-5310.621176,256,1809.903791
-6097.680523,231,1812.478794
-5625.914731,217,1815.549696
-7267.562315,256,1818.711617
-1557.070306,256,1821.80241
-2797.477795,256,1824.903254
-1132.166353,256,1827.987766
-3190.638377,256,1831.12192
-4453.735997,256,1834.288665
-8781.098442,256,1837.482071
-4013.974206,169,1839.187881
-4499.228192,215,1842.228842
-6489.522291,256,1845.476786
-10274.981674,256,1848.656542
-7472.50032,231,1851.143546
-5988.126411,192,1853.487507
-7755.449572,217,1856.535072
-2426.690567,256,1859.642642
-2047.284106,256,1862.744171
-3626.829241,197,1865.112774
-7031.66054,251,1868.254652
-5320.335545,256,1871.429271
-1810.244083,256,1874.557737
-5308.997598,256,1877.729668
-4542.562996,223,1880.208258
-6011.642295,225,1883.299407
-2417.116397,256,1886.426169
-3440.956066,256,1889.507722
-2628.801294,256,1892.634092
-2814.687385,256,1895.735106
-3747.962189,256,1898.822533
-6074.620103,256,1902.063267
-2011.347874,256,1905.222786
-793.8497,256,1908.337692
-4144.211973,256,1911.497796
-1710.235537,151,1913.183497
-2548.70329,233,1916.257914
-2485.010153,256,1919.394017
-4431.456792,256,1922.447455
-5819.128343,256,1925.648885
-4150.218696,256,1928.786367
-5842.238776,256,1931.960037
-2079.196682,256,1935.088725
-6123.826357,256,1938.212759
-5530.40143,256,1941.384657
-5024.275965,256,1944.538564
-6135.014892,256,1947.724885
-5035.168179,256,1950.891317
-3341.60463,223,1953.34931
-2444.616411,225,1956.399929
-5300.904041,256,1959.556126
-6121.375428,256,1962.795472
-3645.116741,256,1965.90503
-6864.966179,256,1969.064672
-5147.053421,256,1972.230784
-4142.885241,256,1975.339429
-3504.830922,256,1978.444706
-5895.688496,256,1981.649472
-3753.744371,256,1984.781723
-6120.82195,239,1987.312707
-4525.646742,216,1990.334296
-5615.127667,249,1993.55452
-3023.699613,256,1996.709344
-5258.755373,256,1999.86938
-5409.042126,256,2003.061893
-3698.934406,145,2004.719512
-2728.918799,239,2007.789568
-3391.295838,187,2009.530774
-7313.576444,222,2012.554042
-4946.03751,231,2015.665846
-5744.013811,256,2018.86008
-1635.340031,193,2021.188255
-3365.814543,255,2024.374865
-2239.254844,256,2027.452857
-5644.003338,233,2029.918156
-4518.372158,215,2032.964223
-2034.932405,256,2036.035547
-5473.620715,256,2039.159979
-4847.212216,256,2042.31028
-3036.351225,256,2045.470743
-3063.891391,256,2048.602154
-7190.213253,199,2050.991891
-2752.87731,249,2054.135121
-5528.549387,256,2057.29891
-5503.955987,230,2059.823705
-6981.395715,218,2062.888272
-6760.542762,238,2065.383502
-5406.655548,224,2068.405821
-4680.3232,242,2071.518296
-5735.836222,256,2074.638344
-1580.066889,256,2077.718492
-4461.382502,256,2080.907906
-6204.411324,256,2084.183936
-1669.522328,256,2087.290812
-2852.055062,256,2090.379081
-3741.68143,256,2093.51616
-4982.680009,256,2096.700657
-5677.954342,256,2099.920741
-5096.003298,180,2101.649416
-3174.814538,221,2104.671393
422.395902,187,2106.99674
-6164.574626,244,2110.097064
-3964.119125,256,2113.273529
-5149.632861,256,2116.468327
-2503.239342,256,2119.587803
-4709.674409,256,2122.750935
-4314.977228,256,2125.919413
-6376.9739,256,2129.05293
-3171.251893,256,2132.167242
526.726711,256,2135.274868
-1815.818429,256,2138.375933
-1936.155013,256,2141.471136
-12078.875032,256,2144.701541
-4296.340926,193,2147.091854
-5601.714358,255,2150.202898
-3388.866812,256,2153.280695
-5750.282039,197,2155.684731
-4090.510591,251,2158.858068
-4150.368616,256,2162.010345
-8858.973059,256,2165.150264
-5436.664913,256,2168.320912
-2599.51743,127,2169.312105
-1731.409989,207,2172.336027
-3477.613343,242,2175.453342
-9688.822446,256,2178.58054
-4616.375929,256,2181.726522
-4639.528229,256,2184.819135
-6060.850989,256,2187.944795
-7122.506002,256,2191.111691
-6938.738766,256,2194.240095
-3086.816379,256,2197.358966
-3120.814703,256,2200.433707
-2671.811023,256,2203.562775
-2710.867963,256,2206.692834
-3222.292981,256,2209.819106
-4699.039998,159,2211.495946
-259.575601,229,2214.518922
-4770.495849,252,2217.695336
-5398.816852,256,2220.8388
-5103.372528,256,2224.051962
-2197.87023,256,2227.156096
-3351.920569,256,2230.279035
-907.66326,256,2233.426146
-4867.00259,224,2235.890691
-2115.155219,224,2238.922452
-354.756196,256,2241.990192
-3541.632392,256,2245.131201
-4112.426713,256,2248.32083
-4835.291041,256,2251.491576
-5227.342447,238,2254.022789
-4638.293644,210,2257.053802
-1945.187766,256,2260.13355
-6073.413156,256,2263.23399
-4980.18093,256,2266.668552
-7539.868349,256,2269.821007
-3908.539011,256,2273.006174
-2139.033573,256,2276.116104
-3332.928447,256,2279.269798
-3133.08791,256,2282.377886
-7039.886252,256,2285.565974
-5924.582299,256,2288.728519
-7026.252983,256,2291.902522
-5551.062291,256,2295.050811
-8094.18234,186,2296.806045
-2548.233711,217,2299.82737
-4189.963648,237,2302.885361
-6353.069001,256,2305.987971
-3742.126699,256,2309.101191
-5161.519143,256,2312.22639
-3175.731151,256,2315.364556
-6505.417615,165,2317.076424
-5102.165417,157,2319.339132
-5378.412857,254,2322.498781
-8559.551683,256,2325.698732
-4143.594427,256,2328.826707
-2023.635238,256,2331.957475
-5652.943713,256,2335.151714
-3100.080516,150,2336.79464
-1632.202651,239,2339.815639
-4428.698081,251,2342.916663
-5974.766002,228,2345.466691
-3031.069348,220,2348.514585
-5529.086626,256,2351.704583
-4551.240724,209,2354.139411
-3701.312096,239,2357.199901
-6153.060714,256,2360.403081
-2079.072584,256,2363.472793
-2636.127176,256,2366.54589
-5193.551095,256,2369.728771
-3796.778107,256,2372.880359
-425.753639,256,2375.97339
-2490.973575,256,2379.072369
-5510.402618,256,2382.190036
-2380.004205,256,2385.357174
-3117.640476,256,2388.493988
-2096.188988,256,2391.61921
-3878.180295,256,2394.721538
-2616.769129,256,2397.876379
-6102.756302,192,2400.250615
-4538.242917,256,2403.397016
-5450.79139,256,2406.528121
-4823.1344,256,2409.724327
-3983.180338,256,2412.935721
-5955.826033,256,2416.146785
-5871.13832,256,2419.360331
-4681.611917,256,2422.510446
-6757.113416,256,2425.619092
-353.038265,256,2428.731914
-6833.406625,256,2431.898406
-2794.895432,256,2434.993015
-1518.408753,123,2435.962856
-3817.710234,215,2438.987143
-6848.741509,238,2442.167719
-2837.637744,164,2443.839489
-3060.310742,220,2446.880477
-2737.608949,256,2450.035201
-2332.394677,256,2453.12979
-5997.355898,256,2456.232524
-4626.543359,256,2459.305223
-5161.6169,256,2462.425693
-4536.921618,256,2465.614404
-2245.288884,256,2468.716401
-2598.070947,256,2471.917163
-5986.399667,256,2475.182629
-5943.514934,220,2477.63316
-2611.649191,228,2480.684695
-6212.827573,256,2483.837728
-2727.768433,256,2486.96934
-3846.645039,256,2490.127976
-819.307963,256,2493.263766
-7716.40672,256,2496.405999
-2132.374503,256,2499.51573
-3619.406396,256,2502.589726
-5079.209657,256,2505.710594
-619.451443,105,2506.633483
-2828.715922,218,2509.654592
-4135.583886,249,2512.175485
-5292.027269,216,2515.198212
-4021.683682,236,2518.236243
-2215.038988,256,2521.309904
-3088.331126,151,2522.962952
-3865.118127,233,2526.008522
-3751.769721,256,2529.115784
-4270.103632,256,2532.283909
-1931.747578,150,2533.941755
-3547.774616,192,2536.320313
-4508.527102,234,2539.44688
-6550.222241,256,2542.608377
-25.266252,256,2545.692881
-2256.113562,256,2548.846571
-3661.274365,256,2551.997748
-7628.900296,256,2555.112841
-3885.375275,256,2558.273409
-6605.154437,173,2559.988123
-3212.193373,162,2562.312803
-2180.42739,241,2565.393461
-7244.546413,256,2568.587232
-3571.625614,256,2571.710737
-5142.019167,256,2574.774021
-5436.736637,256,2577.887352
-2322.148836,256,2580.995824
-4204.51175,256,2584.152653
-6670.004508,256,2587.284691
-1620.182029,256,2590.366636
-2699.809632,256,2593.485212
-7809.988157,231,2595.988011
-545.928857,234,2599.009119
-3490.978914,239,2602.114155
-6063.658868,256,2605.288656
-5282.609486,154,2606.950349
-2935.80597,230,2610.022719
-4658.726914,145,2611.669171
-3727.839454,239,2614.750761
-5050.494079,256,2617.920072
-5263.152506,256,2621.009985
-4819.822668,256,2624.332904
-6527.409604,256,2627.544113
-2621.770064,256,2630.664065
-5041.018315,256,2634.20067
-4961.821575,256,2638.064465
-5306.113436,256,2641.355946
-1613.722729,212,2644.378666
-3550.791326,236,2647.514249
-4898.106999,255,2650.537053
-5778.736573,189,2653.008894
-4842.25489,196,2656.448383
-4703.074941,256,2659.680304
-10901.766175,256,2662.954827
-2813.799994,256,2666.131941
-1727.862759,256,2669.31405
-2828.070495,256,2672.471872
-6379.791901,256,2675.710876
-3845.474416,256,2678.868388
-5448.239615,256,2682.040332
-6706.274221,201,2684.471732
-3198.479943,247,2687.535963
-2917.700262,256,2690.683328
-3405.598417,256,2693.824314
-4480.288763,256,2696.985677
-7467.108419,256,2700.108924
-2911.391294,256,2703.176469
-4988.475353,256,2706.3151
-3327.281511,150,2707.941413
-4011.902166,234,2711.023339
-2527.412052,234,2713.559609
-4789.265661,214,2716.60121
-4029.515552,256,2719.743736
-8188.53002,256,2722.931658
-9259.601368,244,2725.508245
-2031.572688,231,2728.528405
-3261.274206,229,2731.592779
-3532.338405,256,2734.764096
-4432.83614,235,2737.248735
-2838.736882,217,2740.273046
-3910.507988,144,2741.951724
-8624.795166,236,2745.086381
-4576.365276,256,2748.273811
-5863.448813,242,2750.796084
-8990.70893,206,2753.827034
-3030.376736,141,2755.44547
-5242.450271,243,2758.552132
-5498.098762,256,2761.696277
-10275.36542,256,2764.860962
-5358.459031,186,2766.63263
-4698.18594,233,2769.653336
-5927.605533,194,2772.060171
-2555.293722,219,2775.113212
-4818.057347,256,2778.247533
-5522.785155,256,2781.463382
-9674.158988,256,2784.641779
-1643.096131,256,2787.699131
-4263.798346,137,2789.301924
-2597.206846,247,2792.384109
-6881.856229,256,2795.492338
-4045.853457,163,2797.164979
-5217.217377,221,2800.219569
-1935.969623,256,2803.407971
-5280.721096,256,2806.552664
-3948.034425,256,2809.695336
-4731.170778,256,2812.814336
-2926.868408,256,2815.861215
-5397.053522,256,2818.993507
-5852.796222,179,2820.71296
-2100.34088,224,2823.735816
-3006.064207,130,2825.306723
-1175.951232,235,2828.369516
-5227.480017,256,2831.563803
-4862.021067,256,2834.751085
-5022.722273,256,2837.880967
-5201.443042,256,2841.004233
-5288.905685,256,2844.144185
-1403.647754,256,2847.234316
-2851.022606,256,2850.31715
-8836.430875,256,2853.474175
-5471.209957,256,2856.668805
-2950.963729,256,2859.795631
-5353.94237,256,2863.000249
-226.498015,256,2866.370905
-3227.415385,256,2869.473404
-3094.61602,256,2872.553174
-3402.474981,256,2875.701042
-4070.41397,256,2878.864763
-5192.842249,229,2881.336286
-3045.752047,223,2884.357817
-5362.244989,252,2887.442765
-3909.869693,256,2890.539071
-4830.965028,256,2893.655336
-5965.720621,256,2896.88124
-5773.612226,256,2899.96057
-6348.180921,256,2903.115642
-5609.646384,205,2905.492662
-3619.426582,243,2908.546822
-4477.170607,256,2911.653177
-7082.520933,256,2914.821795
-4421.425548,256,2917.908028
-7021.605601,256,2920.971719
-7332.300683,256,2924.156855
-5730.000401,203,2926.533487
-6134.855283,245,2929.679149
-6669.884425,255,2932.205362
-2385.705599,228,2935.228972
-5850.253463,221,2938.252549
-6558.394934,256,2941.359291
-4178.567895,256,2944.481351
-8321.315989,255,2947.071373
-4552.167379,204,2950.095307
-4871.896113,245,2953.296589
-2659.614813,256,2956.41037
-5708.520055,256,2959.575285
-3936.277991,256,2962.675652
-6549.909876,256,2965.814377
-3539.762192,256,2968.915063
-6401.916245,256,2972.081755
478.532602,256,2975.164155
-6290.742848,256,2978.364911
-5694.64167,256,2981.483405
-5310.023796,256,2984.735435
-3360.117166,256,2987.874322
-5950.465639,256,2990.955776
-1904.24666,124,2991.92996
-3672.047724,202,2994.950797
-8930.283881,250,2998.088145
-3627.777103,256,3001.154331
-8118.459187,256,3004.350261
-2091.790563,256,3007.461323
-7352.735868,256,3010.603936
-1515.129802,256,3013.75832
-2757.095738,256,3016.897674
-5127.299538,256,3020.025525
-5697.251303,256,3023.131022
-135.787802,256,3026.206378
-5586.876402,256,3029.409831
-1652.578191,256,3032.521533
-5014.869641,256,3035.650512
-5125.071894,256,3038.770694
-5235.136288,256,3041.92896
-4229.441023,256,3045.127713
-5718.02754,256,3048.310336
-4285.068855,231,3050.754784
-5008.152047,237,3053.777313
-1786.215567,236,3056.834028
-4789.584681,254,3059.383991
-4899.687819,210,3062.407192
-5241.83043,185,3064.714884
-3957.139286,247,3067.815408
-2744.067826,256,3070.951954
-5537.548383,256,3074.203116
-2082.91763,178,3075.903349
-4430.850651,215,3078.926841
-3061.017981,247,3081.997974
-6058.294775,256,3085.207261
-4065.747988,256,3088.311109
-5477.8748,256,3091.488135
-181.052533,256,3094.573434
-4567.629631,256,3097.757845
-2170.112843,256,3100.866261
-2535.382943,256,3104.012848
-2455.622242,256,3107.111128
-8138.827903,256,3110.292284
-4326.869417,256,3113.428238
-8587.390164,256,3116.568418
-4864.470881,256,3119.718776
-4897.309547,256,3122.816309
-2377.253342,108,3123.727806
-4548.158019,234,3126.750355
-4857.274679,234,3129.865461
-2025.66123,256,3133.02001
-4274.198291,256,3136.149667
-5045.269015,256,3139.310637
-3647.239613,256,3142.477272
-1345.804179,256,3145.57867
-2806.604355,256,3148.639014
-4177.166935,256,3151.712165
-2978.443877,256,3154.801502
-4207.208487,256,3157.940488
-5374.717181,256,3161.138443
-7427.652596,256,3164.368594
-2154.667827,256,3167.52465
-5697.680037,256,3170.71518
-5915.334631,256,3173.94485
-3776.948697,256,3177.02275
-4154.31283,256,3180.171092
-3729.135421,256,3183.350064
-2075.806755,256,3186.424161
-6302.182653,256,3189.513828
-3055.182935,256,3192.646726
-3812.27502,256,3195.720381
-5792.939847,256,3198.900366
-2930.93661,256,3201.921803
-8067.073599,256,3205.056756
-3626.832275,256,3208.296168
-4582.751951,256,3211.359135
-7804.280612,241,3213.839456
-5075.953404,250,3216.841489
-5324.303374,213,3219.877313
-2021.74503,256,3223.04998
-5999.292398,256,3226.248159
-3799.288446,256,3229.401541
-6323.116678,256,3232.604773
-5611.849431,256,3235.729707
-3955.693836,256,3238.847485
-6883.276816,256,3241.968669
-4698.855556,256,3245.0677
-5412.157855,256,3248.118605
-6122.159781,256,3251.279017
-4992.570658,256,3254.512494
-2346.965659,256,3257.541464
-6260.037879,256,3260.602242
-1579.809389,257,3263.624959
-1246.506724,255,3266.671617
-3805.80346,256,3269.828268
-332.608766,256,3272.848827
-787.747048,256,3275.922273
-4757.44416,177,3277.659567
-2388.401506,249,3280.681129
-5996.683333,214,3283.776696
-6448.420617,256,3286.945223
-2151.713439,256,3289.986073
-2717.676222,256,3293.061499
-4500.527544,228,3295.457586
-5251.232217,220,3298.519294
-2446.522383,256,3301.663394
-2271.012749,256,3304.76419
-4625.477667,256,3307.943946
-5439.172895,256,3311.035513
-3610.81986,256,3314.125114
-4728.859387,234,3316.609936
-512.856585,250,3319.631012
-4116.274879,220,3322.67242
-4040.932391,256,3325.852237
-6220.621473,256,3329.010388
-4433.991468,256,3332.110599
-1489.783234,256,3335.14213
-5250.157184,256,3338.256329
-3076.010457,256,3341.356192
-1074.909448,256,3344.464209
-888.762858,256,3347.601396
-5545.757804,256,3350.7908
-1669.629341,256,3353.848867
-5596.66325,256,3357.010865
-5947.693572,256,3360.096968
-4108.887988,256,3363.242315
-4543.014152,249,3365.751991
-4524.600293,233,3368.772929
-3915.345764,228,3371.79919
-6301.782864,250,3374.946905
-9006.088642,250,3377.52652
-5365.325702,238,3380.548727
-2249.477974,225,3383.573769
-3619.175826,247,3386.70042
-5843.997324,256,3389.816139
-4931.551338,256,3392.980466
-5466.024823,256,3396.131958
-5061.214415,256,3399.229798
-6291.038168,256,3402.335984
-3798.280591,175,3404.070256
-1057.951578,231,3407.093737
-2297.556559,234,3410.148326
-1107.314334,140,3411.738386
-6144.860107,244,3414.860342
-9117.861776,222,3417.283772
-3218.788556,229,3420.30712
-7609.610425,253,3423.383658
-1412.860858,260,3426.404361
-2768.922762,252,3429.458807
-5702.434448,256,3432.646699
-6517.419486,256,3435.753448
-5479.15133,256,3438.895787
-6631.087136,256,3442.005446
-4471.040925,256,3445.100741
-4888.455592,256,3448.221363
-4808.548066,256,3451.33496
-819.877461,256,3454.411372
-1359.438822,256,3457.471499
-3303.232556,256,3460.5792
-4802.333675,256,3463.957117
-464.396131,256,3467.150864
-2373.591645,256,3470.275427
-5204.172309,256,3473.459812
-5768.026981,186,3475.249149
-1218.123144,173,3477.497484
-4172.135516,219,3480.519972
-3637.755174,254,3483.562704
-3967.95254,256,3486.601333
-4030.371063,234,3489.030869
-4201.71255,214,3492.061517
-10469.116177,256,3495.220657
773.182597,256,3498.259226
-4428.110287,256,3501.382748
-5160.491729,256,3504.481586
-3462.511022,256,3507.596802
-3455.834594,256,3510.757881
-4163.266535,256,3513.78841
-4414.860978,256,3516.937118
-3537.567805,256,3519.989368
-5002.307533,245,3522.503958
-4841.397908,203,3525.542289
-7223.570674,256,3528.609572
-881.540807,256,3531.698078
-4372.248744,256,3534.770129
-3870.166269,256,3537.901419
-5688.392972,256,3540.965843
-11194.607769,256,3544.098922
-3412.497617,256,3547.258769
-2639.980636,256,3550.36672
-5819.815661,256,3553.552842
-4230.775785,256,3556.681166
-2965.827336,256,3559.742166
-3225.499574,256,3562.836152
-822.233065,256,3565.89265
-4295.580351,256,3569.038358
-6219.984437,256,3572.219738
-4659.052194,256,3575.375283
-3883.476212,256,3578.448575
-2080.592915,256,3581.558338
-4596.211024,256,3584.740856
-3441.469921,255,3587.253762
146.549925,244,3590.275816
-3290.46596,234,3593.298373
-2106.772653,190,3595.632091
-3289.852831,193,3597.982364
-4709.38347,172,3600.287947
-695.46396,131,3601.841524
-5245.098959,256,3604.863238
-3547.727384,245,3607.939472
-2624.21068,256,3611.046629
-4009.704669,211,3613.482959
-3317.902097,237,3616.536575
-3886.44694,256,3619.630157
-2091.904452,256,3622.72334
-3892.075317,256,3625.789098
-1788.429762,256,3628.877072
-5914.620913,212,3631.288977
-7370.687123,194,3633.674213
-4340.306739,234,3636.819051
-6376.067121,249,3639.297549
-1139.737278,136,3641.441541
-1837.59457,255,3644.564325
-1499.828785,256,3647.702528
-2931.645424,256,3650.786407
-2734.246586,256,3653.899419
-3164.487543,256,3657.050332
-2758.054626,256,3660.145714
-1435.508615,256,3663.205176
-7275.356335,188,3664.952999
-4561.91424,171,3667.261855
-3817.832943,225,3670.284729
-4324.100169,207,3672.723274
-2014.124042,233,3675.745594
-6908.933878,184,3677.50214
-3995.144007,221,3680.524389
-2797.216109,235,3683.576343
-2427.83682,215,3685.949465
-3827.422826,237,3688.972223
-6024.705044,252,3692.104863
-5092.822096,256,3695.19953
-5277.944937,256,3698.354804
-8570.829297,256,3701.523022
-3970.38471,209,3703.96694
-4668.432358,239,3707.086742
-5702.728037,256,3710.185186
-2544.947132,256,3713.287428
-5654.587672,170,3714.988528
-2606.13743,229,3718.009752
-3817.727307,241,3721.077801
-4315.006458,256,3724.174428
-5457.953413,256,3727.276475
-8010.384287,256,3730.449965
-3757.199753,256,3733.630465
-7689.899141,246,3736.192694
-8356.698315,215,3739.215081
-7829.844428,200,3741.611926
-1224.588673,245,3744.632033
-3676.322065,246,3747.737568
-6385.226828,256,3750.930923
-5798.395865,256,3754.095993
-3691.294091,256,3757.231474
-6141.396836,256,3760.418712
-6442.998467,256,3763.579477
-1942.143997,256,3766.696691
-1880.63727,256,3769.78818
-584.514969,256,3772.879811
-3859.935615,256,3776.043897
-3158.921625,256,3779.128902
-2970.508025,256,3782.268403
-5791.146995,256,3785.387337
-4581.329007,256,3788.567189
-5633.2453,256,3791.748946
-2050.622223,256,3794.85082
-3214.40041,256,3798.03824
-3313.635134,256,3801.150408
-4667.600671,256,3804.275384
-1294.772982,256,3807.351126
-7321.272752,256,3810.395469
-5942.246423,256,3813.48451
-7962.059467,256,3816.567591
-5743.256422,256,3819.698549
-5531.590033,256,3822.952368
-3185.127722,256,3826.095029
-5972.59361,231,3828.582461
-3718.229092,229,3831.605894
-3818.616431,244,3834.679369
-4321.042464,256,3837.848869
-5028.426198,240,3840.328993
-3689.929947,235,3843.350106
-4329.937838,229,3846.427355
-6438.729651,197,3848.789248
-277.630542,251,3851.892142
-4119.74405,171,3853.617239
-1457.033691,96,3855.103423
-4198.735643,256,3858.125378
-3535.412656,245,3861.209483
-1439.930706,256,3864.278201
-5858.668017,256,3867.416392
-4098.100513,184,3869.131306
-4576.751928,242,3872.154228
-3776.552193,214,3875.182089
-5508.592832,256,3878.389179
-5867.043285,256,3881.476274
-1825.839708,256,3884.618305
-5718.400726,256,3887.844403
-4491.660065,256,3891.00346
-5427.904375,256,3894.147989
-5207.565707,256,3897.308579
-4022.409308,185,3899.042719
-1999.075414,234,3902.066397
-5267.285315,239,3905.088461
-7110.253377,238,3908.187507
-2810.915355,256,3911.2859
-3284.552372,256,3914.515689
-4499.170124,256,3917.590293
-2884.971379,256,3920.714866
-3471.476563,256,3923.878784
-8851.351101,256,3926.932595
-3162.900079,171,3928.614996
-1832.456682,244,3931.636574
-4824.486735,209,3933.992925
-4363.971375,221,3937.01638
-5459.339685,243,3940.135962
-2401.680296,256,3943.300955
-6428.843283,256,3946.514684
-3334.418078,256,3949.562468
-5145.58763,256,3952.677486
-4428.230214,256,3955.749235
-5329.070231,256,3958.872857
-5503.291053,256,3961.987648
-3157.685711,256,3965.042935
-3269.720848,256,3968.156326
-3816.126137,143,3969.755189
-1276.997529,241,3972.831602
-3362.693088,256,3976.016063
-315.74479,256,3979.111724
-2474.323529,256,3982.236636
-1281.335212,256,3985.304321
-6861.862876,189,3987.075834
-2504.413915,227,3990.100548
-1228.792851,246,3993.121235
-1880.430342,234,3996.149771
-7184.139065,245,3998.664686
-1740.611713,213,4001.689229
-1593.38223,246,4004.807995
-7148.127267,256,4007.908885
-5794.781358,256,4010.987698
-3625.384395,256,4014.082565
-4666.789471,256,4017.278313
-641.360226,256,4020.386492
-5352.005061,256,4023.559126
-1819.324602,256,4026.632474
-9187.164785,226,4029.127353
-3780.58944,222,4032.169255
-3970.004002,163,4033.871695
-1959.518471,237,4036.89373
-5476.106327,194,4039.250439
-3019.415179,238,4042.309183
-6133.30184,256,4045.511228
-4188.015825,256,4048.62473
-5180.064327,256,4051.733119
-7019.803042,222,4054.166715
-3595.720842,257,4057.190797
-6483.548025,242,4060.213366
-3788.013465,124,4061.763362
-2412.54775,243,4065.138229
-3741.592849,127,4066.125703
-6014.714337,220,4069.148336
-4469.508381,229,4072.278179
291.23871,256,4075.352453
-5309.610401,256,4078.48646
-7144.549071,207,4080.854929
-5500.147319,241,4083.987037
-2538.953595,256,4087.066479
-6828.234114,256,4090.160627
-5625.888442,256,4093.307819
-4582.532805,256,4096.472131
-5380.035913,223,4098.924257
-7276.227483,225,4101.993422
-3804.99411,256,4105.135677
-7812.251248,254,4107.697037
-2536.4085,226,4110.719239
-4050.502686,226,4113.740981
-1666.937355,254,4116.854735
-4825.884173,256,4120.044903
-4715.174329,256,4123.248648
-3876.404152,256,4126.370583
-4177.902001,256,4129.476822
-7350.921894,253,4132.02231
-5322.888526,222,4135.045033
-1721.000933,229,4138.068335
-3954.964542,241,4140.576596
-4690.674837,240,4143.597882
-2014.98343,229,4146.62136
-4791.297347,250,4149.758046
-6131.655991,256,4152.949091
-4556.176506,256,4156.476154
-6547.64368,192,4159.554947
-7807.86465,256,4162.926306
-5181.710299,189,4164.652919
-4395.922086,210,4167.675471
-3735.341795,241,4170.845335
-5387.505596,256,4173.970453
-6875.616711,256,4177.130978
-10323.136783,240,4179.661655
-4392.783897,208,4182.724355
-4691.378072,256,4185.866585
-1058.390914,256,4188.963257
-2866.149495,256,4192.089472
-5523.82443,256,4195.261729
-2549.653315,256,4198.396929
-4936.317547,256,4201.535053
-6204.452506,167,4203.220314
-1249.821151,238,4206.24242
-1040.749005,235,4209.292109
-6558.189209,256,4212.432744
-5782.024051,256,4215.630917
-4219.646326,256,4218.743567
-5903.580788,235,4221.243203
-4916.66841,230,4224.264423
-6731.1504,243,4227.284767
-4389.036913,252,4230.451744
-4767.666238,253,4232.968186
-6646.333092,221,4235.99188
-8463.426849,230,4239.105298
-1498.993451,177,4240.807017
-4698.162176,207,4243.830333
-2065.639389,256,4246.94086
-9140.842042,253,4249.52863
-3499.723719,245,4252.550339
-1798.063756,230,4255.574082
-3424.683015,232,4258.66381
-3209.38984,165,4260.36381
-3123.40823,230,4263.38749
-9069.149644,245,4266.532823
-1646.157105,256,4269.634857
-5077.250775,256,4272.890515
-1542.420796,256,4276.035966
-2840.43457,256,4279.182669
-3773.15742,130,4280.771134
-2670.960913,254,4283.841416
-1857.255892,256,4286.971845
-6150.080289,256,4290.074716
-4080.181535,256,4293.243714
-8282.138492,256,4296.377343
-4553.329794,256,4299.518215
-2238.865896,256,4302.619919
-8773.945747,256,4305.818979
-4400.111126,256,4308.927938
-3595.734747,256,4312.046684
-3651.941181,256,4315.168751
-4837.706625,256,4318.348473
-7805.062002,256,4321.484706
-3835.331669,256,4324.630203
-4347.69893,256,4327.803273
-8751.309218,256,4330.97845
-9588.225503,256,4334.185404
-5226.729511,256,4337.360359
-6929.034738,256,4340.485608
-897.533451,256,4343.55075
-5702.033923,205,4345.949722
-2915.965932,183,4348.266732
-6155.068356,252,4351.37517
-4494.942076,245,4353.897203
-1443.668357,130,4355.491315
-4700.497826,219,4358.512969
-3866.998058,238,4361.566237
-1611.348723,256,4364.730625
-1654.56179,256,4367.851876
-5125.47608,233,4370.370143
-3638.208215,221,4373.394573
-729.096665,250,4376.441334
-6240.614955,256,4379.610966
-3658.618777,256,4382.73482
-1442.921748,256,4385.822917
-1184.317709,256,4388.925807
-6065.325142,256,4392.117281
-7483.661004,256,4395.307955
-4300.375683,256,4398.423993
-2004.630163,114,4399.370147
-3494.892996,227,4402.391453
-5627.708805,235,4405.433731
-5264.115246,256,4408.547585
-6572.031914,256,4411.718745
-5295.656089,256,4414.842605
-1408.301202,265,4417.862885
-3071.196793,247,4420.952325
-6160.908908,256,4424.171992
-5076.061276,211,4426.616585
-5126.171724,237,4429.673257
-5312.728368,256,4432.850834
-8484.429003,256,4435.970921
-1361.968238,256,4439.074526
-4466.632058,256,4442.193486
-2855.487963,256,4445.336274
-6261.970705,256,4448.477772
-3610.643805,256,4451.53363
-4195.150324,256,4454.758158
-6124.968657,256,4457.951481
-6070.474507,256,4461.043871
-2294.271431,256,4464.133074
-1567.324513,256,4467.222677
-2024.328363,256,4470.32861
-6133.165291,241,4472.849776
-3211.934016,217,4475.871334
-5702.896463,246,4479.040456
-5328.975954,256,4482.279524
-3145.469014,256,4485.43849
-10033.048383,256,4488.546872
-3393.927807,256,4491.660255
-7969.744766,256,4494.825996
-6068.986111,256,4497.971971
-1786.837283,264,4500.992447
-9190.081562,248,4504.137333
-5508.818728,256,4507.274697
-969.870566,256,4510.322266
-3350.295036,256,4513.460657
-6081.176644,256,4516.678345
-5251.722126,256,4519.771929
-6094.746565,256,4522.963674
-5884.764718,256,4526.085801
-3544.069548,200,4528.435271
-6095.121767,248,4531.55535
-5249.353637,256,4534.667663
-7468.154604,256,4537.773475
-3980.388743,256,4540.903774
-1726.232608,256,4544.04993
-4366.248845,256,4547.241441
-612.152571,256,4550.356201
-2171.569631,256,4553.424195
-6509.882105,256,4556.553933
-1798.118776,256,4559.685409
-5096.826788,256,4562.870395
-5143.077689,256,4565.933073
-5535.956025,256,4569.11352
-1758.737288,256,4572.201316
-4095.065765,256,4575.325974
-4212.056924,256,4578.49029
-4389.19641,256,4581.563719
-4915.154642,256,4584.754974
-946.743084,256,4587.842125
-2449.160777,256,4590.908796
-11229.463131,256,4594.079517
-3678.241212,256,4597.225746
-3765.331466,256,4600.292617
-823.686536,256,4603.457208
-3113.631872,256,4606.630169
-2152.337039,256,4609.704522
-2281.194472,256,4612.805801
-7762.090981,256,4615.938375
-5773.489392,256,4618.995797
-7434.848864,210,4621.402338
-3136.144568,238,4624.500858
-4999.302307,256,4627.627381
-6023.169543,256,4630.725379
-5277.279831,256,4633.897179
-4777.928373,136,4635.511745
-4811.849109,248,4638.584337
-8131.370565,256,4641.715227
-4575.997855,256,4644.821239
-3277.019354,256,4647.940543
-11742.252287,256,4651.010092
-1473.728473,256,4654.082937
-2418.386845,257,4657.105865
-747.186839,255,4660.186028
-7204.743615,256,4663.393171
-8007.791189,256,4666.814787
-8720.580376,256,4669.914595
-4011.394697,256,4673.068444
-3164.080451,256,4676.13106
-6113.603646,256,4679.284493
-5685.136166,256,4682.484738
-2255.290575,256,4685.565719
-5390.18366,256,4688.765866
-8573.701166,256,4691.894461
-5167.198838,256,4695.080199
-3281.984929,256,4698.207273
-6030.373482,256,4701.335077
-4423.275408,211,4703.724184
-5431.833651,237,4706.824934
-1472.720243,199,4709.180974
-3394.974785,188,4711.454494
-3132.797861,253,4714.51588
-5295.463955,256,4717.684614
-2739.993939,256,4720.7846
-1764.287909,256,4723.951948
-1585.982787,209,4726.323519
-2226.95464,239,4729.380281
-4928.918835,256,4732.570793
-904.5191,256,4735.657213
-4184.901744,256,4738.761554
848.973738,264,4741.783045
-5512.126748,248,4744.847181
-6141.215746,256,4747.950575
-5833.325058,256,4751.150132
-6628.034655,256,4754.424335
-2972.898252,256,4757.484487
-6089.611771,256,4760.571249
-4373.180282,256,4763.712237
-6864.988264,249,4766.235892
-5741.484379,240,4769.258925
-6199.808444,215,4772.296238
-6566.17419,256,4775.493633
-2701.148721,256,4778.660382
-7632.431012,256,4781.794205
-5820.499678,256,4784.921988
-5425.951768,239,4787.400008
-2513.936832,239,4790.423255
-1994.801427,226,4793.444539
-3631.502385,256,4796.508899
-7295.217548,226,4798.978149
-2633.335228,230,4802.000434
-628.997835,248,4805.031293
-8412.508873,256,4808.223848
-4070.314066,256,4811.357252
-1695.848709,256,4814.48832
-6442.485124,256,4817.603607
-1594.830922,256,4820.683125
-4908.749338,256,4823.84957
-4959.785412,256,4826.93411
-5360.381164,256,4830.055848
-9577.394622,256,4833.162181
-1091.237958,265,4836.18425
-3091.06879,261,4839.20668
-5873.746949,242,4842.319301
-5590.732988,177,4844.033691
-2556.973609,233,4847.055297
-3327.426424,230,4850.105637
-5108.969098,158,4851.766084
-2168.302976,228,4854.786669
-7648.187853,254,4857.899448
-5829.097777,256,4861.049473
-4423.503304,201,4863.415643
-5613.632387,247,4866.581428
-4010.965523,256,4869.688573
-5089.994534,208,4872.126714
-2127.880876,240,4875.19133
-588.436308,256,4878.25744
-3903.038876,256,4881.355716
-1919.769561,256,4884.451597
-2690.736687,256,4887.557379
-3320.877022,256,4890.633929
-3741.42299,256,4893.753192
-8755.627362,256,4896.828915
-6185.489103,256,4900.028016
-3723.546852,256,4903.219454
-4308.083442,256,4906.415126
-6138.847731,256,4909.610434
-3064.930693,257,4912.631499
-5920.846097,255,4915.81549
-3666.276071,256,4918.981692
-4864.070151,256,4922.141274
-5116.197651,256,4925.255001
-1122.516022,256,4928.31513
-2333.095383,256,4931.372129
-5549.457763,256,4934.614519
-9286.873226,256,4937.740042
-4338.756958,256,4940.845703
-3200.74816,256,4943.939421
-3712.177568,256,4947.053045
-8796.928598,220,4949.496796
-4322.523608,228,4952.572384
-3622.359484,256,4955.623857
-1540.519876,256,4958.688203
-4658.010339,256,4961.805974
-6453.817671,214,4964.281656
-1825.112759,234,4967.315748
-2338.881334,256,4970.374908
-5843.148366,256,4973.515237
-1667.968413,256,4976.558196
-5008.126074,214,4978.912667
-5289.932226,234,4982.018282
-3124.00444,256,4985.07882
-6709.517114,256,4988.18573
-4507.32495,254,4990.682864
646.634417,214,4993.704255
-5979.882298,236,4996.807963
-5303.758179,256,4999.966318
-9224.985343,256,5003.096027
-2865.693303,256,5006.179645
-693.782181,256,5009.203063
-5570.980174,256,5012.29863
-7818.912817,256,5015.402942
-2449.914405,256,5018.464288
-2168.413944,256,5021.535814
-2704.856632,256,5024.746767
-5494.475994,256,5027.946422
-7964.189321,256,5031.061723
-6330.362756,256,5034.161454
-3467.440932,256,5037.225109
-1513.267692,256,5040.339296
-775.741661,256,5043.427608
-5786.986481,256,5046.492105
-4079.119038,256,5049.608387
-3184.099598,256,5052.742244
-1496.489632,256,5055.821487
-4073.0746,256,5058.854289
-556.448845,256,5061.934271
379.642585,256,5065.009221
-5493.798146,256,5068.136101
-5328.802664,256,5071.317456
-3357.403582,256,5074.348283
-5782.587518,256,5077.449958
-3226.017736,242,5079.898419
-4759.552735,206,5082.961862
-5449.89438,256,5086.133997
-5960.320218,256,5089.206097
-4672.652195,256,5092.365834
-2895.670835,256,5095.480474
-3761.813264,229,5097.981863
-8836.715418,219,5101.026121
-3445.885816,256,5104.075536
-6166.433138,256,5107.201308
-3838.305259,256,5110.251346
-4750.258371,242,5112.756352
-2627.288721,227,5115.778944
-2845.957574,235,5118.811771
-1022.776304,256,5121.932865
-3209.11034,256,5124.974735
-2766.808137,256,5128.020464
-3997.763138,256,5131.096961
-5580.118666,256,5134.280195
-1895.991828,256,5137.342804
-6664.151136,210,5139.724999
-6747.292265,238,5142.872913
-4154.446776,256,5146.031926
-5883.650416,256,5149.203799
-7795.595527,256,5152.389876
-4897.651604,256,5155.492842
249.948702,256,5158.592921
-4270.622841,256,5161.722025
-4029.798175,256,5164.749254
-4803.488063,256,5167.894141
-3039.846002,256,5170.935285
-4615.470549,256,5174.159468
-7368.295385,239,5176.637311
-1732.53286,239,5179.66009
-4590.178605,226,5182.739807
-5475.018041,256,5185.910336
-6291.629804,176,5187.647515
-70.936246,108,5189.154331
-6216.086033,228,5192.183882
-4659.503981,199,5194.5486
-2203.776808,249,5197.638057
-4602.187092,256,5200.792757
-4080.469299,249,5203.363472
-5293.811911,231,5206.385448
-4745.593946,224,5209.471833
-3171.842641,256,5212.570787
-11675.849827,256,5215.764025
-6961.019279,256,5218.858553
-4052.218742,256,5222.004735
-5974.425098,256,5225.187503
-2195.676706,256,5228.257614
-4541.081301,225,5230.711789
-1255.936734,225,5233.733951
-6278.147661,254,5236.809539
-2496.042514,256,5239.921015
-5004.325999,179,5241.6487
-6275.166892,225,5244.673189
-4917.698096,237,5247.695531
-3331.572994,255,5250.744029
-4231.863536,256,5253.847449
-3852.214125,167,5255.501924
-3151.535343,231,5258.524098
-3159.294949,242,5261.548081
-3437.366428,256,5265.005124
-3620.506202,256,5268.083315
-1259.302514,168,5269.730591
-2050.857357,216,5272.751654
-3878.542862,256,5275.849557
-6035.493662,256,5279.02428
-6054.949959,235,5281.505622
-1394.631164,225,5284.527293
-4683.740592,244,5287.637277
-4944.662754,256,5290.778399
-4485.484202,177,5292.515685
-4847.380541,218,5295.53735
-8070.594572,245,5298.645914
-2839.225706,256,5301.74157
-6546.843023,232,5304.164804
-6738.097901,182,5306.43184
-5538.357034,198,5308.822475
-1248.580319,237,5311.843544
-4412.387501,239,5314.889861
-7460.059024,262,5317.91153
-3158.277058,252,5320.934473
-2679.465104,254,5324.086177
-2323.859682,256,5327.189573
-1662.538626,256,5330.298961
-6007.560419,256,5333.449862
-4942.207461,256,5336.58431
-4042.740659,256,5339.704564
-1174.185403,256,5342.799039
-1402.145739,256,5345.851487
-5373.251789,256,5349.000851
-3556.037813,256,5352.179445
-2334.768331,256,5355.306028
-4761.303411,256,5358.374515
-1368.928172,268,5361.396606
-2952.734194,184,5363.670501
-6129.841351,202,5366.060095
-6752.290793,181,5368.35667
-4547.425953,253,5371.486031
-6575.932842,256,5374.540362
-5219.143691,180,5376.23625
-4256.328688,249,5379.259112
-2264.799055,217,5382.2821
-4213.14153,151,5383.95518
-4931.164691,227,5387.074535
-627.508427,256,5390.142174
-5100.175639,231,5392.601555
-5001.708355,217,5395.624539
-1502.691103,191,5397.33392
-2637.872357,227,5400.356647
-4071.193153,236,5403.379072
-6642.18557,242,5406.493775
-1391.555136,256,5409.568216
-3711.672863,256,5412.792056
-5458.922389,256,5415.941431
-6098.921077,214,5418.284038
-5137.276413,244,5421.307348
-5736.316226,246,5424.41171
-7553.409491,256,5427.546273
-7645.75127,256,5430.596541
-5555.109482,256,5433.705424
-5289.378049,256,5436.87326
-5775.374533,173,5438.606981
-1940.490289,226,5441.628996
1692.860578,241,5444.739739
-5417.850427,256,5447.934994
-2954.282169,256,5451.057211
-2694.65229,256,5454.194882
-5702.585171,256,5457.376753
-3445.513351,255,5459.908762
-1693.483308,241,5462.92916
-4981.705728,214,5465.952442
-3876.519306,250,5469.054701
-8886.385979,256,5472.270989
-1466.858964,256,5475.426424
-1874.398207,256,5478.534488
-5071.247989,256,5481.705926
-6041.302386,256,5484.886867
-4371.159939,256,5487.986711
-7669.499162,228,5490.45334
-1556.747538,241,5493.475621
-5810.913531,235,5496.612831
-1236.603438,143,5498.213796
-4079.454445,241,5501.327056
-3645.036085,256,5504.464698
-4857.534901,256,5507.551478
-5705.601758,256,5510.730517
-3737.423881,256,5513.883913
-2273.830029,149,5515.541345
-3369.074172,245,5518.561653
-4789.175139,246,5521.614334
-1973.292297,220,5523.980189
-3321.538594,242,5527.002088
-3483.129009,242,5530.068752
-3060.532792,256,5533.156776
-6223.555828,175,5534.923301
-2534.002776,226,5537.945365
-8392.710356,203,5540.351205
-7718.829244,228,5543.384815
-1547.704366,256,5546.474559
-3311.423568,256,5549.534591
-6895.09555,256,5552.68132
-5306.535453,256,5555.803481
-4576.240553,256,5558.878587
-5928.743767,256,5562.043126
-5695.620849,256,5565.238411
-5746.749672,256,5568.371029
-5752.137528,256,5571.540099
-6243.32338,256,5574.653398
-413.237561,256,5577.757075
-4745.035401,256,5580.928153
-3038.698752,256,5584.005982
-6340.056464,256,5587.190875
-6413.815031,197,5589.543482
-4998.991269,251,5592.688088
-5880.159409,157,5594.358974
-2205.38099,236,5597.382811
-5581.54381,247,5600.494887
-5893.942835,256,5603.585788
-3140.854015,256,5606.715748
-1911.548736,256,5609.817658
-7790.883811,256,5612.877129
-1809.249466,256,5615.955423
-5637.273645,256,5619.051677
-5795.921653,256,5622.279604
-5566.636567,256,5625.46824
-4008.782437,256,5628.596658
-4730.76983,256,5631.728172
-1660.987198,263,5634.750687
-7236.562932,249,5637.831464
-5349.331227,256,5640.971555
-1722.588951,120,5641.916843
-1177.068151,243,5644.939908
-4190.701295,222,5647.961077
-3481.362182,155,5649.59619
-5266.78494,220,5652.628078
-5209.112993,256,5655.838371
-3308.858274,256,5658.965919
-7411.587141,256,5662.118185
-3487.256437,256,5665.217719
-928.518667,256,5668.286913
-3386.980905,256,5671.446178
-3609.666947,256,5674.520057
-8445.323887,256,5677.639624
-3568.948625,256,5680.774696
-6069.230342,256,5683.919672
-5647.750753,256,5687.046843
-3447.999599,256,5690.150072
-7081.762341,256,5693.319617
-4856.710667,256,5696.455827
-6696.03147,256,5699.592725
-5284.507554,212,5701.983406
-2671.714596,245,5705.005072
-1042.903474,247,5708.038812
-1549.221564,256,5711.061611
-2630.477076,256,5714.225489
-4171.367628,256,5717.41545
-5868.564823,256,5720.521063
-4490.784865,256,5723.584784
-5385.183586,256,5726.609077
-6660.908058,256,5729.632689
-3443.137304,256,5732.720452
-4340.787365,256,5735.836789
-698.954465,168,5737.495863
-3717.350413,171,5739.755809
-3225.624863,237,5742.905057
-2893.40675,256,5746.063608
99.593407,256,5749.148516
-114.53104,256,5752.23734
-6284.008646,256,5755.44138
-3042.417545,256,5758.546693
-6398.567175,256,5761.609128
-4244.981564,256,5764.762448
-7684.026713,216,5767.171203
-3292.189778,233,5770.192811
-6337.821154,246,5772.73712
-5838.39192,210,5775.760835
-2649.699903,247,5778.797266
-7027.445228,256,5781.955142
-5615.166624,148,5783.56228
-5832.331446,236,5786.614989
-6299.419696,256,5789.705391
-5089.412063,256,5792.806648
-7520.199296,256,5795.944393
-3315.470296,256,5799.06033
-4716.300807,256,5802.142543
-3856.583622,256,5805.264879
-2850.863931,256,5808.40174
-6016.069826,256,5811.52508
-3175.591167,256,5814.615816
-6267.928251,256,5817.827602
-5990.757989,253,5820.344718
-1722.151102,238,5823.366519
-3227.393416,219,5826.389349
-9490.17727,251,5829.412027
-2312.018069,255,5832.533146
-2764.830961,256,5835.643112
-7152.071224,256,5838.791584
-2072.800909,251,5841.279328
-203.636611,183,5843.540642
-4377.551554,206,5846.584384
-4947.478299,256,5849.750781
-4334.155271,256,5852.79378
-4319.214615,252,5855.277516
-3574.231557,246,5858.301543
-5889.310989,247,5861.324915
-4149.888961,215,5864.707293
-6642.944909,252,5867.284499
-4404.171109,207,5870.307297
-5862.548251,245,5873.381136
-2505.876185,256,5876.465922
-4421.57,256,5879.589096
-1751.364734,256,5882.666939
-3895.389136,256,5885.770305
-4197.763098,256,5888.887602
-2450.732763,256,5892.003753
-721.027187,256,5895.114091
-2115.836904,256,5898.232728
-4323.433752,256,5901.311467
-7313.774885,256,5904.450827
-5516.030815,256,5907.617181
-6766.529487,256,5910.821888
-2721.428585,256,5913.886942
-5745.694371,256,5917.025458
-2234.505037,133,5918.580908
-6289.989828,251,5921.711052
-5985.000944,256,5924.869943
-2588.777254,259,5927.89022
-1516.109593,253,5930.95476
-9791.691937,216,5933.475356
-3176.539526,232,5936.540322
-6398.29374,256,5939.669264
-4509.797251,256,5942.821413
-4024.524985,205,5945.21702
163.427517,243,5948.268707
-9437.913397,256,5951.390077
-170.438821,256,5954.503941
-2973.986275,209,5956.927125
-5531.419601,239,5960.064723
-5176.376012,256,5963.16018
-7949.85134,256,5966.281985
-767.365141,256,5969.357047
-1032.793768,256,5972.439862
